date,avg_temp,min_temp,max_temp,precipitation
"December, 2025",33.5,26.5,40.6,3.35
"November, 2025",46.7,39.5,53.8,1.96
"October, 2025",58.7,50.8,66.5,4.39
"September, 2025",70.5,62.3,78.6,2.62
"August, 2025",74.1,65.1,83,1.87
"July, 2025",80.3,71.9,88.7,3.6
"June, 2025",73.6,65.6,81.6,2.57
"May, 2025",62.6,54.8,70.4,5.79
"April, 2025",54.6,45.5,63.8,3.14
"March, 2025",46.7,37.2,56.3,4.7
"February, 2025",35,28.4,41.4,2.73
"January, 2025",31.4,25.2,37.6,0.63
"December, 2024",37.9,31.4,44.4,4.76
"November, 2024",51.3,43.2,59.3,3.26
"October, 2024",60.7,51.1,70.3,0.01
"September, 2024",68.9,61,76.6,1.23
"August, 2024",75.9,67.7,84,7.65
"July, 2024",79.8,71.5,88,3.84
"June, 2024",75.4,66.2,84.6,2.09
"May, 2024",64.8,56.6,73,3.56
"April, 2024",53.8,45.2,62.3,3.8
"March, 2024",47.2,39.3,55.1,9.08
"February, 2024",39,31.8,46.1,1.97
"January, 2024",36.7,31.2,42.3,5.65
"December, 2023",43.9,37.9,49.9,7.24
"November, 2023",45.9,38.1,53.8,2.88
"October, 2023",60.7,53,68.4,3.98
"September, 2023",69.6,62.3,76.9,11.81
"August, 2023",75,67.5,82.4,6.14
"July, 2023",79.2,70.9,87.4,5.31
"June, 2023",69.9,61,78.8,1.83
"May, 2023",61.8,51.8,71.7,2.06
"April, 2023",56.2,46.7,65.7,7.14
"March, 2023",43.7,36,51.4,3.36
"February, 2023",39.9,31.2,48.5,1.37
"January, 2023",42.9,36.8,49,4.37
"December, 2022",37.8,30.8,44.7,5.21
"November, 2022",50,42.2,57.9,3.12
"October, 2022",56.6,48.6,64.6,5.69
"September, 2022",69.6,61.2,77.8,3.85
"August, 2022",79.5,71.1,87.9,1.75
"July, 2022",80,71.2,88.9,2.98
"June, 2022",71.5,62.6,80.4,3.13
"May, 2022",64,55.2,72.9,4.96
"April, 2022",51.8,43.4,60.2,4.44
"March, 2022",44.4,35.5,53.3,2.37
"February, 2022",36.5,27.1,45.8,3.15
"January, 2022",30.2,22.6,37.7,3.86
"December, 2021",43.2,37,49.5,1.4
"November, 2021",46,38,53.9,1.04
"October, 2021",62.8,55.7,69.8,5.39
"September, 2021",70.6,63.1,78,9.19
"August, 2021",77.8,70.7,84.8,8.1
"July, 2021",76.7,68.8,84.6,9
"June, 2021",73.9,64.5,83.3,3.01
"May, 2021",62.1,52.6,71.6,4.59
"April, 2021",53.5,43.8,63.2,2.56
"March, 2021",44.8,35.8,53.8,3.21
"February, 2021",33.4,27.7,39.1,4.54
"January, 2021",35,29.1,40.8,2.32
"December, 2020",39,32.3,45.8,4.23
"November, 2020",51.9,43.1,60.7,4.13
"October, 2020",58.2,51.2,65.2,5.3
"September, 2020",68.9,60.9,76.9,3.8
"August, 2020",77.5,69.7,85.4,4.27
"July, 2020",80.8,72.5,89.1,6.89
"June, 2020",73.7,64.4,83.1,2.03
"May, 2020",60.1,50.9,69.3,1.75
"April, 2020",49.6,41.8,57.5,4.24
"March, 2020",47.4,39.5,55.2,3.83
"February, 2020",39.9,33.1,46.8,2.69
"January, 2020",39.1,32.2,45.9,1.92
"December, 2019",37.9,31.7,44.2,6.93
"November, 2019",43.2,35.5,50.9,1.88
"October, 2019",59.9,52.5,67.3,6.62
"September, 2019",70.3,61.5,79.1,0.89
"August, 2019",76,68.1,83.9,3.96
"July, 2019",80,71.4,88.6,6.24
"June, 2019",71.8,63.4,80.2,5.25
"May, 2019",62,53.9,70,6.97
"April, 2019",54.3,45.9,62.7,4.24
"March, 2019",40.7,33,48.4,3.87
"February, 2019",35.7,28.4,43,3.39
"January, 2019",32.5,25.1,39.8,3.88
"December, 2018",39.6,33.4,45.8,6.77
"November, 2018",44,37.5,50.4,7.92
"October, 2018",57.7,50.5,64.8,3.45
"September, 2018",70.9,64.5,77.4,6.33
"August, 2018",78.7,71.3,86,6.9
"July, 2018",78.1,69.7,86.5,6.27
"June, 2018",71.6,62.8,80.4,3.14
"May, 2018",66.3,57,75.6,3.62
"April, 2018",48.3,40,56.6,5.37
"March, 2018",39.8,33.1,46.5,4.66
"February, 2018",41.2,33,49.4,5.76
"January, 2018",31.1,23.3,39,2.19
"December, 2017",35,29.1,40.8,1.92
"November, 2017",46.1,37.6,54.6,1.66
"October, 2017",63.9,55.4,72.3,4.38
"September, 2017",70.5,62.2,78.7,1.95
"August, 2017",74.1,66.3,81.9,3.73
"July, 2017",76.9,68.9,84.9,4.3
"June, 2017",72.2,63.5,80.9,4.25
"May, 2017",61,53.3,68.7,6.42
"April, 2017",56.5,47.9,65.1,3.96
"March, 2017",39.4,31.4,47.3,4.82
"February, 2017",41.3,33.1,49.5,2.05
"January, 2017",38.4,32.9,43.9,4.23
"December, 2016",38.3,31.9,44.8,3.06
"November, 2016",49.8,41.7,57.8,5
"October, 2016",59,50.7,67.2,3.97
"September, 2016",71.7,63.4,79.9,2.51
"August, 2016",79.5,71.3,87.7,1.48
"July, 2016",79.2,70.7,87.7,6.04
"June, 2016",72.4,62.8,82,2.41
"May, 2016",62.2,53.6,70.8,3.73
"April, 2016",52.2,42.6,61.8,1.68
"March, 2016",48.2,38.9,57.4,1.3
"February, 2016",37.3,29.2,45.5,4.04
"January, 2016",34.2,26.8,41.6,3.94
"December, 2015",49.8,42.9,56.6,4.76
"November, 2015",51.8,43.9,59.8,1.78
"October, 2015",57.1,48.3,65.9,3.81
"September, 2015",73.1,63.7,82.4,2.76
"August, 2015",78.1,69,87.2,1.98
"July, 2015",78.1,69.9,86.4,3.2
"June, 2015",71.1,63.2,79.1,5.43
"May, 2015",66.9,56.3,77.6,1.94
"April, 2015",52.6,43.2,62.1,2.04
"March, 2015",37,28.7,45.2,4.6
"February, 2015",23.1,14.3,31.9,2.03
"January, 2015",29.4,22.3,36.4,4.94
"December, 2014",40.2,34.8,45.7,5.86
"November, 2014",44.3,37,51.7,4.34
"October, 2014",59.3,52,66.6,4.78
"September, 2014",69.4,60.8,77.9,1.34
"August, 2014",74.1,65.5,82.8,2.51
"July, 2014",76.4,68.1,84.7,5.22
"June, 2014",72.3,63.4,81.1,4.07
"May, 2014",63.2,54.5,72,4.82
"April, 2014",51.1,41.4,60.8,6.96
"March, 2014",36.9,28.6,45.2,3.86
"February, 2014",30.6,23.5,37.7,4.98
"January, 2014",28.2,20.5,35.9,2.66
"December, 2013",37.6,31.1,44.2,4.68
"November, 2013",44.6,36.8,52.5,3.18
"October, 2013",59.6,51.5,67.6,0.44
"September, 2013",66.9,57.5,76.4,2.46
"August, 2013",74.3,66.6,82.1,3.19
"July, 2013",80,72.5,87.4,2.95
"June, 2013",72.5,63.9,81.1,8.85
"May, 2013",62,52.9,71.1,6.32
"April, 2013",52,42.9,61,1.38
"March, 2013",39.7,33,46.4,2.79
"February, 2013",33.6,27.3,39.9,3.43
"January, 2013",35.2,28.5,41.9,2.57
"December, 2012",41.3,35.3,47.4,4.96
"November, 2012",43.4,36.2,50.4,1.44
"October, 2012",58.5,51.7,65.4,3.19
"September, 2012",68.9,60.8,77,4.04
"August, 2012",77,68.6,85.4,2.99
"July, 2012",79.4,70.3,88.4,3.48
"June, 2012",71.4,62.6,80.2,3.83
"May, 2012",65.1,57.6,72.7,5.09
"April, 2012",54.2,44.5,63.8,3.24
"March, 2012",50.4,41.4,59.4,1.08
"February, 2012",40.4,33.1,47.6,1.35
"January, 2012",37.1,29.3,44.8,2.77
"December, 2011",42.5,34.5,50.5,4.22
"November, 2011",50.8,42.6,59,3.26
"October, 2011",57.4,49.4,65.3,5.49
"September, 2011",70.2,63.4,77,7.88
"August, 2011",75.8,67.6,83.9,17.49
"July, 2011",80.5,71.2,89.8,2.57
"June, 2011",72.8,64.1,81.6,3.62
"May, 2011",64.3,56,72.5,4.76
"April, 2011",53.6,45,62.2,5.63
"March, 2011",42.1,34.1,50.2,6.24
"February, 2011",35.2,26.3,44.1,3.48
"January, 2011",29.5,23.3,35.6,3.96
"December, 2010",32.9,26.8,38.9,3.84
"November, 2010",47.4,40.2,54.5,2.06
"October, 2010",58.1,50,66.3,4.46
"September, 2010",70.7,62.2,79.2,3.36
"August, 2010",76.9,68.6,85.2,3.16
"July, 2010",81,71.6,90.5,2.95
"June, 2010",75,65.6,84.3,2.03
"May, 2010",65.3,55.4,75.2,3.04
"April, 2010",56.9,46.6,67.2,2.82
"March, 2010",47.5,39.7,55.4,9.68
"February, 2010",33,27.4,38.6,5.54
"January, 2010",32.4,25.8,39,1.95
"December, 2009",35.7,28.9,42.5,6.92
"November, 2009",50.8,44.3,57.2,1.43
"October, 2009",55.1,47.6,62.6,5.53
"September, 2009",66.3,58.5,74.2,2.02
"August, 2009",76.4,68.8,84,4.37
"July, 2009",73.4,64.8,82,6.26
"June, 2009",68,60.6,75.5,8.75
"May, 2009",62.2,53.6,70.8,4.41
"April, 2009",53.4,44.4,62.5,4.01
"March, 2009",41.4,33.2,49.6,1.69
"February, 2009",36,27.4,44.7,0.78
"January, 2009",27.8,21.4,34.2,2.74
"December, 2008",37.7,30.1,45.3,6.1
"November, 2008",45.3,38.9,51.8,3.24
"October, 2008",55.3,46.6,63.9,3.07
"September, 2008",69.1,61.4,76.7,6.85
"August, 2008",73.5,64.1,82.9,3.74
"July, 2008",78.4,69.7,87,3.46
"June, 2008",74.3,64.7,83.8,3.86
"May, 2008",59.5,50,69,3.86
"April, 2008",53.7,44.6,62.8,2.5
"March, 2008",42.1,33.8,50.4,4.47
"February, 2008",35.4,27.4,43.4,5.75
"January, 2008",36,29,43,2.31
"December, 2007",36.7,31.1,42.4,5.04
"November, 2007",44.9,37.5,52.2,2.86
"October, 2007",63.5,55.5,71.6,4.77
"September, 2007",70,60.9,79,1.38
"August, 2007",74.7,66.4,82.9,5.55
"July, 2007",75.4,66.9,83.9,6.13
"June, 2007",71.7,62.5,81,4.46
"May, 2007",64.4,53.8,75.1,1.73
"April, 2007",49.4,41.2,57.7,10.83
"March, 2007",41.2,31.6,50.8,4.71
"February, 2007",28.1,21,35.2,1.86
"January, 2007",37.3,30.4,44.3,3.28
"December, 2006",43.2,35.9,50.6,2.24
"November, 2006",51.2,44.4,58,6.33
"October, 2006",56.1,47.6,64.6,6.69
"September, 2006",66.4,58.8,74.1,4.02
"August, 2006",76,68,84.1,4.65
"July, 2006",78.5,69.9,87,4.68
"June, 2006",71.3,63.4,79.1,7.61
"May, 2006",62.4,53.2,71.6,4.19
"April, 2006",54.5,44.2,64.7,4.72
"March, 2006",42.4,34.1,50.7,0.82
"February, 2006",35,27.2,42.8,2.09
"January, 2006",39.9,32.1,47.7,4.93
"December, 2005",34.4,28.1,40.8,3.94
"November, 2005",48.8,40.1,57.4,4.22
"October, 2005",57.7,50.7,64.6,14.92
"September, 2005",72.7,63.2,82.2,1.13
"August, 2005",79.2,71.1,87.4,2.31
"July, 2005",77.6,69.5,85.6,3.68
"June, 2005",73.7,64.6,82.8,3.14
"May, 2005",58.1,49.1,67.1,1.64
"April, 2005",53.8,43.7,64,4.5
"March, 2005",38.2,30.5,46,4.45
"February, 2005",35.5,28.2,42.8,2.72
"January, 2005",30.9,24.2,37.6,4.24
"December, 2004",37.8,30.6,45,3.71
"November, 2004",47.8,40.2,55.5,4.39
"October, 2004",56.3,49,63.5,1.36
"September, 2004",69.4,61.5,77.3,9.33
"August, 2004",74.3,66.9,81.6,4.17
"July, 2004",74.6,67.2,82.1,7.7
"June, 2004",71.1,62.2,79.9,3.02
"May, 2004",64.8,55.4,74.2,4.8
"April, 2004",52.8,43.5,62.1,4.85
"March, 2004",43.2,35.6,50.7,2.98
"February, 2004",34.4,26.6,42.2,2.55
"January, 2004",25,18.4,31.6,2.09
"December, 2003",37.2,30.2,44.2,5.47
"November, 2003",49.7,42.3,57,4.16
"October, 2003",54.9,46.6,63.1,4.78
"September, 2003",68.1,61.2,75,5.74
"August, 2003",76.9,69.4,84.5,5.66
"July, 2003",76.3,67.9,84.6,3.22
"June, 2003",68.6,60.6,76.7,9.58
"May, 2003",58.1,50.2,65.9,3.87
"April, 2003",48.9,40.5,57.4,3.09
"March, 2003",41.9,32.1,51.7,4.31
"February, 2003",29.1,22.5,35.8,4.25
"January, 2003",27.4,21.2,33.6,2.45
"December, 2002",35.3,28.9,41.6,4.23
"November, 2002",45,38.1,52,4.84
"October, 2002",55.2,47.9,62.4,6.43
"September, 2002",69.7,60.8,78.6,5.12
"August, 2002",77.1,68.3,86,4.82
"July, 2002",78.4,69.2,87.6,1.35
"June, 2002",71.4,61.8,81,4.6
"May, 2002",59.8,50.2,69.4,4.27
"April, 2002",54.6,45.1,64.2,3.86
"March, 2002",43.4,34.4,52.5,3.85
"February, 2002",39.8,30.8,48.8,0.76
"January, 2002",39.3,32.3,46.3,1.81
"December, 2001",43.3,35.9,50.6,2.31
"November, 2001",51.5,42.5,60.4,1.11
"October, 2001",57.7,48,67.4,0.69
"September, 2001",67,58.1,75.9,4.19
"August, 2001",78.1,69.4,86.8,2.98
"July, 2001",73.2,64,82.4,2.4
"June, 2001",72.9,64.2,81.5,5.2
"May, 2001",62.8,53.7,71.8,2.55
"April, 2001",52.6,42.9,62.2,1.68
"March, 2001",39,32.2,45.9,6.84
"February, 2001",35.2,27,43.3,2.13
"January, 2001",32.6,25.9,39.4,2.81
"December, 2000",30.8,23.5,38,3.75
"November, 2000",44.8,37.7,51.8,3.63
"October, 2000",56.6,47.4,65.9,0.65
"September, 2000",66.1,57.7,74.5,4.86
"August, 2000",72.8,65.4,80.1,3.89
"July, 2000",72.3,64.4,80.3,6.69
"June, 2000",71.2,62.4,80,4.36
"May, 2000",62.7,53.6,71.8,4.53
"April, 2000",50,41.9,58.1,3.84
"March, 2000",46.3,37.3,55.2,3.55
"February, 2000",36.5,29,44,1.85
"January, 2000",31,23.3,38.7,2.99
"December, 1999",39.3,32.2,46.3,2.94
"November, 1999",49.8,41.8,57.8,2.62
"October, 1999",55.5,46.5,64.4,3.03
"September, 1999",68.6,60.8,76.4,9.78
"August, 1999",75.2,66.6,83.8,4.38
"July, 1999",80.5,70.9,90.1,0.73
"June, 1999",72.8,63.4,82.2,0.9
"May, 1999",62,52.8,71.1,4.01
"April, 1999",52.2,42.2,62.2,1.89
"March, 1999",41.8,32.8,50.8,4.57
"February, 1999",37.1,29.4,44.9,3.31
"January, 1999",33.4,25.5,41.2,7.39
"December, 1998",42,34.6,49.5,1.08
"November, 1998",47.1,39.3,54.9,1.44
"October, 1998",57.2,49.4,65,2.37
"September, 1998",69.7,60.5,78.9,2.64
"August, 1998",76.4,67.6,85.2,2.65
"July, 1998",76.4,67.7,85.1,1.49
"June, 1998",69.1,61.3,76.9,5.53
"May, 1998",63.8,54.7,72.8,6.24
"April, 1998",52.8,43.6,62,5.63
"March, 1998",44.2,36.4,51.9,4.64
"February, 1998",40,33.3,46.7,4.7
"January, 1998",39.8,33.2,46.3,4.43
"December, 1997",37.5,31,44,3.97
"November, 1997",43.7,37,50.3,4.6
"October, 1997",56.1,47.5,64.7,2.04
"September, 1997",66.4,57.5,75.2,2.41
"August, 1997",73.1,64.5,81.6,3.99
"July, 1997",75.6,65.8,85.4,6.42
"June, 1997",70.4,60.6,80.2,2.27
"May, 1997",58.5,49,68,3.23
"April, 1997",50.4,40.6,60.2,3.8
"March, 1997",41.5,33.3,49.8,4.6
"February, 1997",39.4,31.3,47.6,2.19
"January, 1997",31.6,23.6,39.6,3.49
"December, 1996",40.6,34.3,46.9,6.97
"November, 1996",42.3,35,49.5,2.89
"October, 1996",55.9,47.2,64.5,7.29
"September, 1996",67.8,60.3,75.4,5.61
"August, 1996",74.1,66.2,82.1,2.29
"July, 1996",73.3,65.8,80.8,6.74
"June, 1996",71,62.8,79.2,4.86
"May, 1996",59.7,50.2,69.1,2.95
"April, 1996",51.1,42.5,59.8,5.6
"March, 1996",37.8,29.4,46.2,4.09
"February, 1996",33.1,25.7,40.5,2.38
"January, 1996",30.1,22.6,37.5,5.39
"December, 1995",31.8,25.5,38.2,2.16
"November, 1995",42.9,35.2,50.5,5.2
"October, 1995",60.2,50.7,69.6,6.61
"September, 1995",66.8,58.1,75.6,3.5
"August, 1995",76.8,66.6,86.9,0.57
"July, 1995",77.8,69.3,86.3,5.08
"June, 1995",70.9,61.9,79.9,2.1
"May, 1995",60.4,51.6,69.2,3.07
"April, 1995",50.1,40.7,59.5,2.06
"March, 1995",43.9,35.9,51.9,1.69
"February, 1995",30,22.3,37.8,2.76
"January, 1995",36.7,30.4,42.9,3.61
"December, 1994",40.8,33.1,48.4,2.74
"November, 1994",50.1,41.9,58.4,4.16
"October, 1994",56,46.7,65.4,1.3
"September, 1994",66.5,57.9,75.2,3.03
"August, 1994",72.6,64.1,81.2,5.2
"July, 1994",78.6,70,87.2,4.1
"June, 1994",74,64.4,83.7,3.52
"May, 1994",60.2,49.7,70.8,4.18
"April, 1994",53.7,43.8,63.6,2.69
"March, 1994",39.2,31.4,46.9,6.06
"February, 1994",28.9,21,36.8,3.11
"January, 1994",24.5,16.5,32.5,5.38
"December, 1993",35.9,29,42.8,4.37
"November, 1993",46.5,37.8,55.2,2.5
"October, 1993",54.6,46.2,63,4.11
"September, 1993",66.4,58.4,74.4,5.27
"August, 1993",75.8,67.1,84.5,3.78
"July, 1993",78.8,69,88.6,1.95
"June, 1993",71.6,61.8,81.5,2.22
"May, 1993",63.6,53.6,73.6,1.4
"April, 1993",51.2,41.9,60.4,4.36
"March, 1993",37.7,30.4,44.9,6.61
"February, 1993",29.2,20.7,37.6,2.83
"January, 1993",35.4,28.6,42.1,2.93
"December, 1992",36.7,30.3,43,5.2
"November, 1992",45.1,38.8,51.4,5.67
"October, 1992",53.4,44.5,62.2,1.32
"September, 1992",66.3,58.3,74.4,3.79
"August, 1992",71.9,63.2,80.6,4.75
"July, 1992",73.6,65.1,82,4.81
"June, 1992",69.1,60,78.3,4.91
"May, 1992",59.5,49.6,69.4,3.43
"April, 1992",48.6,40,57.2,1.98
"March, 1992",38.6,30.4,46.7,3.83
"February, 1992",35.3,27.8,42.8,1.73
"January, 1992",34.5,27.2,41.9,1.78
"December, 1991",38.6,31.3,46,3.73
"November, 1991",46.8,39.4,54.2,2.21
"October, 1991",57.4,48.3,66.5,2.01
"September, 1991",66.6,57.3,75.8,4.29
"August, 1991",76.4,67.4,85.4,6.12
"July, 1991",76.9,67.8,86,4.28
"June, 1991",73.1,62.7,83.4,2.77
"May, 1991",67.3,56.8,77.8,3.47
"April, 1991",53.8,44.8,62.8,3.83
"March, 1991",43.4,35.6,51.3,4.76
"February, 1991",38.5,30.1,46.9,1.76
"January, 1991",33.5,26.2,40.7,3.61
"December, 1990",41.3,33.6,49,5.59
"November, 1990",48.7,40,57.5,2.71
"October, 1990",60.9,52.4,69.4,5.82
"September, 1990",66.6,58,75.2,2.26
"August, 1990",74.8,66.6,82.8,9.6
"July, 1990",76,68,84,3.84
"June, 1990",71,61.8,80.2,2.65
"May, 1990",58.9,50.3,67.4,8.3
"April, 1990",51.4,42.4,60.4,4.29
"March, 1990",43.2,34.1,52.4,3.13
"February, 1990",38.5,29.4,47.6,1.9
"January, 1990",39.7,33,46.4,4.62
"December, 1989",24.6,17.4,31.8,0.73
"November, 1989",44.5,36.8,52.2,3.12
"October, 1989",57.3,47.8,66.7,6.45
"September, 1989",67.7,59.3,76,6.38
"August, 1989",73.9,65.9,81.8,5.58
"July, 1989",74.8,66.3,83.3,4.6
"June, 1989",71.8,63.7,80,6.49
"May, 1989",61,52.4,69.6,10.48
"April, 1989",50.2,40.9,59.4,3.68
"March, 1989",40.8,32,49.4,4.33
"February, 1989",33.1,26.2,40,2.88
"January, 1989",35.9,28.9,43,2
"December, 1988",34.8,27.5,42.1,1.24
"November, 1988",47.7,39.8,55.5,7.77
"October, 1988",51.4,43.5,59.2,2.88
"September, 1988",66.2,57.1,75.3,2.96
"August, 1988",77.6,69.4,85.8,2.57
"July, 1988",77.9,68.6,87.2,7.68
"June, 1988",70.8,60.7,80.9,1.04
"May, 1988",61,52.4,69.7,5.49
"April, 1988",49.6,41.3,57.8,2.15
"March, 1988",42,33.1,50.9,2.22
"February, 1988",33.6,25.9,41.3,3.98
"January, 1988",27.9,20.6,35.2,2.94
"December, 1987",38.4,32.2,44.6,2.3
"November, 1987",46.5,38.1,54.9,3.09
"October, 1987",52.6,43.2,62.1,4.26
"September, 1987",66.5,58.9,74.2,4.94
"August, 1987",73.1,64.6,81.6,5.17
"July, 1987",77.1,68.4,85.8,4.5
"June, 1987",72.1,63.2,81.1,3.36
"May, 1987",62,52.2,71.7,1.67
"April, 1987",51.7,43.7,59.8,5.98
"March, 1987",43.4,34.4,52.3,3.77
"February, 1987",31.8,23.5,40.1,0.9
"January, 1987",31,25.3,36.8,5.19
"December, 1986",37.7,31.7,43.7,5.36
"November, 1986",44,35.9,52,6.74
"October, 1986",56.5,47.9,65.1,1.92
"September, 1986",66.3,57.9,74.8,2.1
"August, 1986",72.2,64.1,80.4,4.92
"July, 1986",75.3,67,83.5,5.01
"June, 1986",70.6,60.6,80.6,2.51
"May, 1986",64.3,54,74.6,1.26
"April, 1986",51.9,43,60.7,4.75
"March, 1986",42.5,32.7,52.3,1.86
"February, 1986",30.2,24.4,36.2,3.49
"January, 1986",32.4,24.6,40.2,4.13
"December, 1985",32.7,26,39.3,1.18
"November, 1985",48.6,42.1,55.2,7.55
"October, 1985",57.6,48.7,66.5,1.35
"September, 1985",68.8,59.8,77.7,4.82
"August, 1985",74.2,66.2,82.1,3.57
"July, 1985",75.2,66.5,84,4.32
"June, 1985",67.7,59.3,76,4.69
"May, 1985",64,54.2,73.7,5.15
"April, 1985",53.4,43.8,63,1.12
"March, 1985",43.9,34.1,53.7,1.76
"February, 1985",34.2,26.6,41.7,2.26
"January, 1985",26.8,19.9,33.8,1.15
"December, 1984",41.9,34.6,49.2,3.26
"November, 1984",45.2,36.8,53.6,3.08
"October, 1984",60.4,52.3,68.4,3.28
"September, 1984",64.6,55.2,73.9,2.27
"August, 1984",75.6,67.7,83.5,1.55
"July, 1984",73.8,65.8,81.7,8.43
"June, 1984",73.1,63.8,82.5,4.39
"May, 1984",60,51.4,68.7,9.91
"April, 1984",49.6,41.4,57.8,6.23
"March, 1984",34.8,27.6,42,5.79
"February, 1984",38.6,31.2,45.8,4.31
"January, 1984",27.7,21.2,34.3,1.91
"December, 1983",33.6,26.4,40.7,8.85
"November, 1983",46.8,38.9,54.7,5.55
"October, 1983",56.1,48.1,64.2,6.79
"September, 1983",69.8,59.6,80,3.07
"August, 1983",76.1,66.9,85.2,3.62
"July, 1983",78,67.8,88.1,2.94
"June, 1983",71.6,61.6,81.7,2.65
"May, 1983",58.3,49.5,67,4.69
"April, 1983",50.5,42.3,58.7,11.11
"March, 1983",42.6,35.5,49.6,9.35
"February, 1983",34.4,27,41.8,3.04
"January, 1983",33,26.7,39.4,4.4
"December, 1982",41,34,48,1.5
"November, 1982",48.3,40,56.5,3.5
"October, 1982",56.3,47.5,65.1,1.7
"September, 1982",66.3,58,74.6,2.25
"August, 1982",71.7,62.9,80.5,2.93
"July, 1982",76.1,67,85.1,3.18
"June, 1982",66.9,58.8,74.9,5.76
"May, 1982",62.6,53.5,71.6,2.69
"April, 1982",49,38.9,59,5.66
"March, 1982",39.9,32.2,47.6,2.43
"February, 1982",33.8,27,40.6,2.65
"January, 1982",24.1,16.4,31.8,5.28
"December, 1981",34.6,28.9,40.2,4.7
"November, 1981",45.2,38,52.3,1.65
"October, 1981",52.5,44,61,3.75
"September, 1981",65.8,57.7,73.9,3.79
"August, 1981",74.2,65.5,82.8,0.97
"July, 1981",77.2,68.5,85.8,5.15
"June, 1981",71.4,62.5,80.3,2.61
"May, 1981",62.5,52.6,72.4,4.16
"April, 1981",53.5,43.9,63.2,3.4
"March, 1981",39.7,31.5,47.9,1.16
"February, 1981",36.8,28.4,45.1,6.25
"January, 1981",24.2,16.8,31.6,0.58
"December, 1980",30.4,22.2,38.6,0.64
"November, 1980",42.5,35,49.9,3.98
"October, 1980",54.3,46.2,62.3,3.43
"September, 1980",70,61,78.9,1.37
"August, 1980",78,69.4,86.5,1.42
"July, 1980",77.8,68.5,87.2,4.24
"June, 1980",69.3,59.7,78.9,3.25
"May, 1980",64.2,54.2,74.2,2.53
"April, 1980",52.4,43.7,61.1,7.84
"March, 1980",39,30.9,47.1,8.82
"February, 1980",29.5,21.7,37.4,1.04
"January, 1980",32.1,25.4,38.9,1.83
"December, 1979",38.7,31.7,45.8,2.38
"November, 1979",49.3,41.7,57,3.51
"October, 1979",54.7,46.8,62.5,3.92
"September, 1979",67.1,58.9,75.3,5.97
"August, 1979",74.3,66.2,82.5,5.16
"July, 1979",75.8,67.4,84.2,2.01
"June, 1979",67.8,59.4,76.3,2.17
"May, 1979",62.6,54.5,70.8,6.17
"April, 1979",50,41.6,58.3,4.16
"March, 1979",44.2,35.1,53.2,4.08
"February, 1979",22.7,15.8,29.6,4.34
"January, 1979",31.2,24.1,38.4,9.83
"December, 1978",37.3,30.2,44.4,4.88
"November, 1978",46.5,39.4,53.6,2.74
"October, 1978",54.7,45.5,63.8,1.72
"September, 1978",64.6,55.2,74,3.21
"August, 1978",75.5,67.9,83.1,5.94
"July, 1978",74,65.6,82.4,4.1
"June, 1978",70.3,60.4,80.3,2.17
"May, 1978",59.5,50.7,68.3,7.61
"April, 1978",49.8,40.4,59.2,2.1
"March, 1978",38,30.3,45.8,3.64
"February, 1978",25.7,19,32.4,1.57
"January, 1978",27.2,20.6,33.9,7.96
"December, 1977",34,27.7,40.4,5.06
"November, 1977",46.3,40.8,51.8,9.09
"October, 1977",54.1,46.4,61.8,4.92
"September, 1977",67.2,59.6,74.7,5.79
"August, 1977",74.7,66.3,83,4.07
"July, 1977",77.3,67.8,86.9,1.91
"June, 1977",69,60.2,77.7,4.37
"May, 1977",64,53,74.9,1.88
"April, 1977",52.2,41.8,62.7,3.81
"March, 1977",45.4,36.7,54.1,7.05
"February, 1977",32.4,24.9,39.9,2.76
"January, 1977",21.3,14.6,28.1,2.05
"December, 1976",29.4,21.8,36.9,2.24
"November, 1976",40.4,33.2,47.6,0.38
"October, 1976",52.3,44.8,59.7,5.43
"September, 1976",66.1,57.1,75.1,3.05
"August, 1976",73.9,65.1,82.8,5.67
"July, 1976",74.5,65.7,83.3,2.8
"June, 1976",73,63.9,82,3.48
"May, 1976",60.3,50.8,69.8,4.23
"April, 1976",54.3,44.4,64.2,3
"March, 1976",43.5,35,52.1,2.5
"February, 1976",39,29.5,48.4,2.92
"January, 1976",27,19.6,34.4,5.3
"December, 1975",35.6,28.8,42.4,3.34
"November, 1975",50.9,43.5,58.3,3.97
"October, 1975",58.4,49.9,66.8,4.04
"September, 1975",63.5,55.9,71.1,9.67
"August, 1975",74,65.7,82.3,3.83
"July, 1975",75.8,67.7,83.8,9.66
"June, 1975",70,61.9,78.1,6.46
"May, 1975",64.4,55,73.9,4
"April, 1975",46.7,37.8,55.6,2.97
"March, 1975",39.3,31.7,47,3.8
"February, 1975",34.7,28.2,41.2,3.41
"January, 1975",36.3,29.6,43,5.01
"December, 1974",38.4,32.9,44,5.55
"November, 1974",46.5,38.8,54.3,1.48
"October, 1974",52.8,43.8,61.9,2.07
"September, 1974",65.7,57.4,74.1,7.86
"August, 1974",75.2,66.4,84.2,5.3
"July, 1974",76.2,67,85.5,1.67
"June, 1974",68.3,60.1,76.6,3.45
"May, 1974",59.6,51.1,68.2,4.03
"April, 1974",53.7,43.7,63.7,3.52
"March, 1974",41.2,33,49.4,5.39
"February, 1974",30.8,23.2,38.4,1.89
"January, 1974",34.3,27.4,41.3,3.64
"December, 1973",38.1,31.1,45.1,9.01
"November, 1973",46.8,39.2,54.4,1.82
"October, 1973",58.6,49.2,67.9,3.53
"September, 1973",68.4,59.6,77.2,3.1
"August, 1973",76.9,68.8,84.9,3
"July, 1973",76.7,68.1,85.2,4.35
"June, 1973",72.6,65,80.2,5.47
"May, 1973",58.2,50.4,66,5.06
"April, 1973",51.9,43.5,60.4,7.34
"March, 1973",45.2,37.8,52.5,3.75
"February, 1973",31.4,23.4,39.4,3.78
"January, 1973",34.2,27,41.4,4.45
"December, 1972",37.8,32.6,43,5.64
"November, 1972",42.6,36.7,48.4,9.6
"October, 1972",51.8,43.7,59.9,5.03
"September, 1972",68.2,59.9,76.6,1.66
"August, 1972",74.2,65.6,82.7,1.75
"July, 1972",76.2,68.3,84.1,4.21
"June, 1972",66.8,59.4,74.1,10.17
"May, 1972",61,51.8,70.1,7.07
"April, 1972",47.9,38.6,57.1,3.62
"March, 1972",37.9,29.9,45.9,4.36
"February, 1972",29.7,21.9,37.5,4.87
"January, 1972",33.8,26.4,41.3,1.97
"December, 1971",39.7,33,46.4,1.81
"November, 1971",43.6,37.1,50.2,4.91
"October, 1971",61.3,54,68.6,3.74
"September, 1971",69.8,63.4,76.2,6.1
"August, 1971",74.2,65.4,83,9.24
"July, 1971",75.7,67,84.4,5.99
"June, 1971",72,62.7,81.2,1.36
"May, 1971",58.8,50,67.5,3.83
"April, 1971",48.6,39.2,58.1,2.64
"March, 1971",38.7,31.7,45.7,3.38
"February, 1971",33.5,27.4,39.6,4.96
"January, 1971",26.5,19.7,33.3,2.34
"December, 1970",34.1,28.6,39.6,2.57
"November, 1970",47.1,40.8,53.5,5.09
"October, 1970",57.8,50,65.5,2.68
"September, 1970",69.5,60.8,78.2,2.08
"August, 1970",76.5,67.6,85.5,3.34
"July, 1970",76.1,67.9,84.3,2.33
"June, 1970",69.9,61.3,78.5,2.6
"May, 1970",62.3,53.1,71.5,2.84
"April, 1970",50.1,41.1,59.1,3.54
"March, 1970",37.2,30.4,44,3.49
"February, 1970",31.5,23.3,39.6,3.93
"January, 1970",24,17,31,0.68
"December, 1969",32.2,26.6,37.8,6.03
"November, 1969",44.3,37.6,51,3.58
"October, 1969",55.5,46.2,64.7,1.75
"September, 1969",67.3,58.8,75.8,5.81
"August, 1969",75.8,66.9,84.6,3.2
"July, 1969",73.5,66.3,80.7,7.74
"June, 1969",71.1,62.6,79.6,3.83
"May, 1969",62.6,52.7,72.6,2.78
"April, 1969",53.3,43.7,62.8,4.01
"March, 1969",38.1,30.5,45.6,3.22
"February, 1969",31,25.6,36.3,2.61
"January, 1969",30.2,24.2,36.2,1.41
"December, 1968",32.5,25.8,39.3,4.15
"November, 1968",44.6,38.4,50.8,5.28
"October, 1968",58.4,50.4,66.4,2.11
"September, 1968",69.2,59.8,78.6,2.48
"August, 1968",75.2,66.2,84.1,2.79
"July, 1968",76.9,68.1,85.6,1.69
"June, 1968",69,60.3,77.6,5.11
"May, 1968",58.5,49.7,67.3,7.07
"April, 1968",53.1,42.5,63.7,2.65
"March, 1968",41.8,33.8,49.9,4.9
"February, 1968",28,20,36.1,1.08
"January, 1968",26,18.9,33.2,2.13
"December, 1967",37.1,30.9,43.2,6.04
"November, 1967",40.7,33.9,47.5,2.58
"October, 1967",55.6,47.1,64.2,3.17
"September, 1967",65.5,55.9,75,1.72
"August, 1967",72.9,65.4,80.4,6.16
"July, 1967",74.6,66.9,82.4,6.1
"June, 1967",71.5,61.5,81.4,3.14
"May, 1967",54.1,45.7,62.5,4.04
"April, 1967",48.6,38.9,58.3,2.98
"March, 1967",36.4,28.7,44,6.2
"February, 1967",28.6,20.6,36.6,2.46
"January, 1967",36.5,29.9,43,1.4
"December, 1966",35.1,28.7,41.4,3.44
"November, 1966",47.2,39.4,55.1,3.5
"October, 1966",54.8,45.8,63.9,4.29
"September, 1966",65.4,57.5,73.2,7.85
"August, 1966",75.4,66,84.8,2.31
"July, 1966",78.4,67.8,88.8,1.09
"June, 1966",72.6,62.3,82.8,1.11
"May, 1966",58.2,49.5,67,4.16
"April, 1966",47.4,39.2,55.6,2.67
"March, 1966",40.8,33,48.6,1.66
"February, 1966",32.8,26,39.5,4.31
"January, 1966",30.1,23.4,36.8,2.79
"December, 1965",38.1,31.7,44.6,1.89
"November, 1965",44.4,37.2,51.5,1.65
"October, 1965",54.8,45.8,63.8,2.7
"September, 1965",67.3,59,75.6,2.5
"August, 1965",72.6,63.2,81.9,3.36
"July, 1965",74,64.6,83.3,2.62
"June, 1965",69.8,59.7,79.8,1.15
"May, 1965",65,54.5,75.6,1.61
"April, 1965",48.6,39.8,57.3,2.72
"March, 1965",38.3,31.4,45.2,2.46
"February, 1965",31.9,24.1,39.6,3.37
"January, 1965",28,21.4,34.6,2.98
"December, 1964",35.2,29.1,41.3,4.49
"November, 1964",47.8,39.6,56,2.13
"October, 1964",53.9,44.6,63.3,1.49
"September, 1964",66.6,56.7,76.6,1.74
"August, 1964",71.8,62,81.5,0.59
"July, 1964",74.6,66,83.2,4.63
"June, 1964",69.9,60,79.7,2.92
"May, 1964",64.1,53.3,74.9,0.91
"April, 1964",48.1,39.8,56.4,5.6
"March, 1964",41.6,33,50.1,2.38
"February, 1964",31,24.2,37.8,3.04
"January, 1964",33.5,26.4,40.6,4.63
"December, 1963",29.6,24.1,35.2,2.19
"November, 1963",48.8,42,55.6,7.48
"October, 1963",60.2,49,71.4,0.23
"September, 1963",62.3,52.7,71.9,4.18
"August, 1963",71.4,62,80.7,2.37
"July, 1963",75.3,65.7,84.8,3.1
"June, 1963",69.8,60,79.6,1.88
"May, 1963",59.4,48.9,70,2.68
"April, 1963",51.2,41.1,61.3,1.27
"March, 1963",41.2,34,48.5,3.89
"February, 1963",26.4,18,34.8,2.5
"January, 1963",28.6,21.8,35.4,2.46
"December, 1962",30.6,23.8,37.4,2.53
"November, 1962",41.3,34.1,48.5,4.73
"October, 1962",55.6,46.8,64.4,3.82
"September, 1962",63.2,54.7,71.8,3.3
"August, 1962",71.5,62.8,80.2,5.89
"July, 1962",72.7,63,82.4,2.18
"June, 1962",71.1,61.3,80.9,4.23
"May, 1962",62.3,52,72.7,1.46
"April, 1962",50.8,41.2,60.4,3.63
"March, 1962",40.6,32.2,49,3.45
"February, 1962",29.7,23,36.4,4.56
"January, 1962",30.9,23.4,38.4,2.85
"December, 1961",34.1,28.1,40,3.54
"November, 1961",46.8,39.8,53.7,2.74
"October, 1961",58.8,49.7,67.9,2.37
"September, 1961",72.5,63.7,81.3,2.62
"August, 1961",74.7,66.8,82.5,4.29
"July, 1961",76.2,68,84.5,6.35
"June, 1961",70.6,61,80.2,2.43
"May, 1961",57.8,49,66.6,3.43
"April, 1961",47.2,39.5,54.9,6.33
"March, 1961",39.8,32,47.4,4.91
"February, 1961",34.6,26.9,42.3,3.63
"January, 1961",26,19.3,32.7,2.77
"December, 1960",29.5,21.7,37.3,3.29
"November, 1960",47.7,39.5,55.8,2.74
"October, 1960",56.1,47.1,65,2.2
"September, 1960",66.3,58.7,73.9,7.35
"August, 1960",73.5,65.4,81.6,5.42
"July, 1960",73.6,65,82.1,8.15
"June, 1960",70.6,61.7,79.4,1.27
"May, 1960",61.1,52.2,70,3.72
"April, 1960",52.8,42.7,63,3.13
"March, 1960",32.4,25,39.9,2.87
"February, 1960",35.2,28.1,42.2,4.96
"January, 1960",33.2,27.6,38.8,3.02
"December, 1959",37.4,31.3,43.6,4.73
"November, 1959",44.1,36.4,51.8,4.02
"October, 1959",58.3,51,65.6,4.88
"September, 1959",70.4,61.3,79.6,1.73
"August, 1959",76.2,67.9,84.4,5.09
"July, 1959",75.4,67.4,83.4,4.14
"June, 1959",70.2,61.3,79.1,4.18
"May, 1959",64.2,54.1,74.3,1.6
"April, 1959",52.1,42.9,61.3,2.57
"March, 1959",38.8,30.3,47.2,4.45
"February, 1959",30.5,22,39,1.99
"January, 1959",30.2,22.9,37.6,2.39
"December, 1958",28.2,21.2,35.2,1.55
"November, 1958",46.4,39.4,53.4,2.62
"October, 1958",53.9,45.8,62,6.51
"September, 1958",66.3,57.2,75.5,3.79
"August, 1958",73.9,65.7,82.1,3.69
"July, 1958",75.5,67.7,83.3,4.6
"June, 1958",66.2,57.3,75.1,2.7
"May, 1958",57.8,49.9,65.8,4.88
"April, 1958",51.4,42.8,60.1,6.54
"March, 1958",39.2,33.5,44.9,4.76
"February, 1958",26.4,20.3,32.4,4.47
"January, 1958",30.8,24.5,37,5.32
"December, 1957",39.2,33.3,45.2,6.26
"November, 1957",47.5,40.4,54.6,3.63
"October, 1957",54.6,46.2,63.1,3.2
"September, 1957",68.3,59.5,77.1,2.78
"August, 1957",72,62.6,81.4,2.98
"July, 1957",76.2,66.4,86,1.88
"June, 1957",73,63.6,82.4,1.97
"May, 1957",61.7,51.6,71.8,2.45
"April, 1957",51.9,42.6,61.2,5.62
"March, 1957",40.9,33.4,48.3,2.86
"February, 1957",35.8,29,42.6,2.52
"January, 1957",27.4,20.6,34.2,1.92
"December, 1956",40,33,47,4.14
"November, 1956",45.4,38,52.8,3.97
"October, 1956",56.6,48.1,65,3.72
"September, 1956",63.8,55.6,72,2.9
"August, 1956",73.3,64.9,81.6,3.3
"July, 1956",72.5,64.6,80.4,4.93
"June, 1956",70.6,61.2,80,3.38
"May, 1956",57.7,47.9,67.6,2.53
"April, 1956",46.9,38.4,55.3,3.43
"March, 1956",36.6,29.5,43.7,5.04
"February, 1956",35.4,28.6,42.2,5.03
"January, 1956",31.2,25.3,37.1,1.98
"December, 1955",28.8,22,35.6,0.31
"November, 1955",42.8,35.3,50.2,4.02
"October, 1955",58.6,50,67.1,8.14
"September, 1955",66.6,58.3,75,2.83
"August, 1955",77.2,68.8,85.6,14.11
"July, 1955",79.8,70.5,89.1,1.63
"June, 1955",68.4,59.2,77.7,2.95
"May, 1955",63.9,53,74.7,1.68
"April, 1955",52.2,43.1,61.2,2.76
"March, 1955",40.7,32.3,49,4.34
"February, 1955",33.5,25.4,41.6,3.05
"January, 1955",29.9,23.6,36.2,0.7
"December, 1954",35.1,28.6,41.6,4.1
"November, 1954",44.3,37.1,51.5,6.4
"October, 1954",60,51.3,68.6,2.03
"September, 1954",66.1,57.7,74.5,6.64
"August, 1954",71.9,63,80.8,7.72
"July, 1954",75.2,65,85.3,1.46
"June, 1954",70.4,60.8,79.9,1.15
"May, 1954",58.7,50.3,67,4.04
"April, 1954",52.3,42.4,62.2,3.34
"March, 1954",40.5,32.3,48.8,3.59
"February, 1954",38.7,30.2,47.2,1.88
"January, 1954",29.6,21.9,37.3,1.76
"December, 1953",39.7,32.7,46.8,4.76
"November, 1953",47.4,38.9,56,2.56
"October, 1953",58.3,48.9,67.8,3.6
"September, 1953",68.4,58.9,77.8,1.6
"August, 1953",74.4,64.8,84,2.4
"July, 1953",76.1,66.4,85.8,4.16
"June, 1953",71.8,61.5,82.2,2.4
"May, 1953",62,53.5,70.4,4.23
"April, 1953",50.7,42.9,58.6,6.25
"March, 1953",42,35.3,48.6,8.89
"February, 1953",37.1,29.3,44.9,2.46
"January, 1953",36.1,29.9,42.4,5.38
"December, 1952",37.2,31.4,42.9,4.51
"November, 1952",46.2,39.4,53,3.63
"October, 1952",53.5,43.7,63.3,0.74
"September, 1952",67.8,58.2,77.4,3.06
"August, 1952",73.5,65.5,81.6,6.73
"July, 1952",78.8,69.6,88.1,3.96
"June, 1952",72.6,63.2,82,5.29
"May, 1952",59.4,50.1,68.8,5.86
"April, 1952",53.2,44.8,61.6,6.34
"March, 1952",39,32.2,45.8,5.15
"February, 1952",34.9,28.3,41.4,2.45
"January, 1952",35.2,27.6,42.7,5.26
"December, 1951",37.4,30.1,44.7,5.17
"November, 1951",41.5,33.3,49.8,7.13
"October, 1951",57.2,49.3,65.1,4.61
"September, 1951",66.7,57.3,76.1,1.27
"August, 1951",73.4,64.6,82.3,3.01
"July, 1951",75.4,66.6,84.1,4.72
"June, 1951",68.8,60.2,77.3,3
"May, 1951",61.8,51.9,71.8,4.99
"April, 1951",51.6,42.6,60.7,2.92
"March, 1951",40.5,33.4,47.6,6.71
"February, 1951",34.8,26.7,43,4.6
"January, 1951",35,27,43,3.51
"December, 1950",33.6,27.5,39.6,4.88
"November, 1950",46.5,38.5,54.5,4.95
"October, 1950",58.2,49.6,66.8,1.65
"September, 1950",63.4,55.6,71.2,1.81
"August, 1950",72,63.6,80.4,5.73
"July, 1950",74,64.8,83.1,4.6
"June, 1950",69.4,59.6,79.2,2.49
"May, 1950",57.4,48.9,66,3.14
"April, 1950",47.1,38.4,55.8,2.1
"March, 1950",35.2,26.6,43.8,3.74
"February, 1950",30.5,24.1,37,4.24
"January, 1950",40,32.2,47.7,2.48
"December, 1949",38,30.8,45.3,2.95
"November, 1949",44.3,36.5,52.1,1.28
"October, 1949",61.1,52.5,69.7,1.94
"September, 1949",64.7,55.9,73.5,3.67
"August, 1949",75.4,66.3,84.6,4.08
"July, 1949",78.4,69.4,87.5,3.53
"June, 1949",72.7,63.2,82.3,0.09
"May, 1949",61.5,51.3,71.6,4.82
"April, 1949",52.1,42.7,61.5,4.23
"March, 1949",41.5,32.7,50.2,2.17
"February, 1949",37.4,29.3,45.5,3.45
"January, 1949",37.5,30.7,44.3,6.05
"December, 1948",36.6,29.3,43.8,5.89
"November, 1948",50.4,42.9,57.8,4.06
"October, 1948",54.8,46.3,63.3,2.56
"September, 1948",68.2,58.2,78.2,1.04
"August, 1948",74.4,65.9,82.8,3.92
"July, 1948",75.8,66.6,85,5.01
"June, 1948",68.7,59.8,77.6,5.51
"May, 1948",58.9,50.7,67,7.71
"April, 1948",49.6,41,58.2,3.5
"March, 1948",40.6,31.2,50,3.43
"February, 1948",28.9,20.8,37.1,2.23
"January, 1948",24.3,17.2,31.4,4.3
"December, 1947",32.7,26.2,39.3,3.78
"November, 1947",42.4,35.7,49.1,7.2
"October, 1947",61.4,50.6,72.2,1.99
"September, 1947",67.7,58.6,76.9,2.78
"August, 1947",75.1,66.4,83.8,3.01
"July, 1947",74.6,66.1,83.1,3.82
"June, 1947",67.7,58.2,77.2,3.79
"May, 1947",59.1,49.4,68.9,6.17
"April, 1947",49.4,40.1,58.8,4.77
"March, 1947",36.6,29.3,43.9,2.9
"February, 1947",28.2,20.5,35.8,2.32
"January, 1947",35.9,28.2,43.7,2.96
"December, 1946",36.8,28.8,44.8,2.12
"November, 1946",48.6,40.7,56.5,1.44
"October, 1946",59.9,50.2,69.6,1.25
"September, 1946",68.6,59,78.1,4.26
"August, 1946",70.4,61.9,78.8,5.42
"July, 1946",74.3,65.2,83.4,5.66
"June, 1946",68.9,58.6,79.1,4.31
"May, 1946",60.7,50.7,70.8,7.09
"April, 1946",49.3,39.8,58.8,1.49
"March, 1946",47.9,37.8,57.9,3.08
"February, 1946",30.3,22.1,38.6,1.98
"January, 1946",32.3,24.6,40,1.66
"December, 1945",29.3,23.3,35.3,4.45
"November, 1945",45.8,37.6,54,5.52
"October, 1945",54.6,45.5,63.7,2.19
"September, 1945",69.3,61.1,77.6,5.28
"August, 1945",72.7,63.5,81.9,3.38
"July, 1945",73.9,66.4,81.4,7.03
"June, 1945",69.9,60.6,79.2,3.76
"May, 1945",58,49,67,5.46
"April, 1945",54.3,44.8,63.9,3.38
"March, 1945",49.3,39,59.5,2.49
"February, 1945",32.1,25,39.2,2.97
"January, 1945",24.3,16.2,32.5,2.72
"December, 1944",31.5,24.8,38.2,3.23
"November, 1944",44,37,51,6.33
"October, 1944",54.9,45.4,64.3,2.4
"September, 1944",68.1,59.9,76.3,8.62
"August, 1944",76.4,65.9,87,2.15
"July, 1944",77.2,66.8,87.5,1.94
"June, 1944",71.5,61.7,81.3,3.63
"May, 1944",65.4,54.8,76,1.6
"April, 1944",47.5,38.6,56.3,5.22
"March, 1944",36.1,28.6,43.6,6.04
"February, 1944",31.2,23.4,39.1,2.15
"January, 1944",32.1,25.3,38.9,3.25
"December, 1943",31.7,23.1,40.2,1.25
"November, 1943",42.6,34.4,50.8,2.57
"October, 1943",54,45.7,62.3,7.37
"September, 1943",66.1,56.7,75.4,1.78
"August, 1943",74.4,65,83.9,3.17
"July, 1943",75.5,66.6,84.4,4.19
"June, 1943",75.1,65.5,84.7,2.98
"May, 1943",61.5,51.8,71.2,4.76
"April, 1943",44.9,35.1,54.8,2.23
"March, 1943",38.2,29.2,47.1,3.25
"February, 1943",32.6,23.8,41.3,1.83
"January, 1943",29.4,22.5,36.3,2.64
"December, 1942",30.3,23.2,37.3,4.6
"November, 1942",44.7,36.4,53.1,4.1
"October, 1942",56.8,48.4,65.2,2.41
"September, 1942",66.6,57.6,75.6,4.79
"August, 1942",72.3,64.4,80.2,8.52
"July, 1942",75.2,66.3,84.1,7.23
"June, 1942",70,61.2,78.8,3.39
"May, 1942",63.9,54.9,72.9,2.45
"April, 1942",52.6,41.6,63.7,1.26
"March, 1942",41.5,34.7,48.2,6.26
"February, 1942",28.4,21.3,35.4,2.6
"January, 1942",29.1,21.4,36.7,2.89
"December, 1941",37.6,30.4,44.8,4.15
"November, 1941",47.4,39.2,55.6,3.1
"October, 1941",59.1,50.2,67.9,1.81
"September, 1941",68,57.2,78.8,0.35
"August, 1941",72.4,62.7,82.1,5.23
"July, 1941",74.8,66.1,83.4,4.98
"June, 1941",70.5,60.9,80.2,4.53
"May, 1941",62.8,51.6,74,2.15
"April, 1941",55.2,44.3,66.2,2.32
"March, 1941",34.4,26.4,42.3,2.79
"February, 1941",29.5,22.7,36.3,2.98
"January, 1941",28.7,22.8,34.6,3.13
"December, 1940",36.7,29.7,43.7,2.74
"November, 1940",43.3,36.8,49.8,3.91
"October, 1940",51.7,42.9,60.5,2.45
"September, 1940",64.6,55,74.2,3.16
"August, 1940",69.9,61.8,78,4.5
"July, 1940",74.6,64.6,84.6,2.93
"June, 1940",68.8,59.1,78.6,3.37
"May, 1940",59.1,51.2,67,7.46
"April, 1940",45.3,37.5,53.2,5.71
"March, 1940",33.6,27.6,39.7,4.94
"February, 1940",31.4,24.8,38,2.84
"January, 1940",23.2,16.7,29.7,2.39
"December, 1939",35.6,28.9,42.4,1.52
"November, 1939",41.6,34.4,48.9,1.56
"October, 1939",55.5,46.6,64.4,4.1
"September, 1939",66.8,57.5,76.1,1.56
"August, 1939",76.4,68.4,84.3,4.71
"July, 1939",74.6,65.5,83.7,1.37
"June, 1939",71.6,62.2,81,3.72
"May, 1939",63,52.4,73.5,1.04
"April, 1939",47,39.3,54.8,4.29
"March, 1939",38,30.3,45.7,4.74
"February, 1939",35.6,27,44.2,5.79
"January, 1939",31.4,24.5,38.3,3.77
"December, 1938",35.5,29.3,41.6,3.02
"November, 1938",46.1,38,54.2,3.1
"October, 1938",57.9,48.6,67.3,1.73
"September, 1938",64.2,55.6,72.8,8.69
"August, 1938",76.6,67.4,85.8,2.67
"July, 1938",75.1,67.2,83,7.81
"June, 1938",69.2,60,78.3,7.26
"May, 1938",59,50.1,67.9,3.57
"April, 1938",52.5,42.8,62.2,3.33
"March, 1938",42.4,33.6,51.2,2.25
"February, 1938",34,25.8,42.2,1.94
"January, 1938",30.5,23.6,37.4,4.01
"December, 1937",33.6,27.9,39.2,2.07
"November, 1937",43.9,36.4,51.4,4.5
"October, 1937",54.4,46.3,62.5,4.4
"September, 1937",64.5,54.7,74.4,3.96
"August, 1937",76.2,67.8,84.6,6.95
"July, 1937",75.5,66.3,84.7,4.11
"June, 1937",70.7,61.7,79.6,4.2
"May, 1937",62.9,52.3,73.5,2.97
"April, 1937",48.4,40.5,56.4,4.89
"March, 1937",35.4,29,41.6,2.9
"February, 1937",33.6,26.3,41,2.26
"January, 1937",39,31.7,46.3,5.98
"December, 1936",38,30.4,45.7,6.82
"November, 1936",41.2,33.3,49.1,1.09
"October, 1936",56.1,47.7,64.6,4.07
"September, 1936",67.2,59.2,75.2,4.15
"August, 1936",74.8,65.6,84.1,3.77
"July, 1936",75,65,85,2.45
"June, 1936",69.1,60.6,77.7,5.24
"May, 1936",63.2,51.9,74.5,2.95
"April, 1936",46.7,38.5,54.8,3.48
"March, 1936",44.2,36.4,52,5.49
"February, 1936",24.1,16.5,31.7,2.48
"January, 1936",27.9,21.3,34.4,6.66
"December, 1935",29,23.7,34.4,1.14
"November, 1935",47.8,41.6,53.9,3.38
"October, 1935",55.9,46.2,65.6,2.63
"September, 1935",64.2,55.4,72.9,4.08
"August, 1935",73.7,65.4,82,1.61
"July, 1935",76.7,68.3,85.1,4.29
"June, 1935",69.6,60,79.1,3.92
"May, 1935",58.2,48.3,68,1.13
"April, 1935",48.9,41,56.7,1.62
"March, 1935",42.7,33.4,51.9,2.48
"February, 1935",30,22.1,38,2.84
"January, 1935",28.3,20.6,36,3.72
"December, 1934",33,26.5,39.5,2.76
"November, 1934",47.2,40.4,54,2.13
"October, 1934",53.3,45.3,61.2,2.56
"September, 1934",67.9,61.2,74.5,10.76
"August, 1934",70.8,62.6,78.9,2.51
"July, 1934",76.5,67.4,85.6,4.24
"June, 1934",72.8,63.6,82,3.74
"May, 1934",62.7,52.1,73.2,5.09
"April, 1934",49,40,57.9,4.09
"March, 1934",36.7,27.5,45.8,3.66
"February, 1934",18,8.2,27.8,2.88
"January, 1934",33.7,26.4,40.9,3.48
"December, 1933",31.9,24.8,39.1,3.23
"November, 1933",40.4,33.2,47.6,0.74
"October, 1933",54.8,45.8,63.8,2.31
"September, 1933",68.4,60.8,76.1,8.18
"August, 1933",74,66.4,81.6,8.82
"July, 1933",74.9,65.6,84.2,3.98
"June, 1933",71.6,61.8,81.2,2.86
"May, 1933",63.3,54,72.6,4.59
"April, 1933",49.5,41.4,57.6,5.23
"March, 1933",37.3,31.3,43.3,5.66
"February, 1933",33.2,24.6,41.8,3.14
"January, 1933",39,31.4,46.5,1.75
"December, 1932",37.2,30.2,44.1,2.28
"November, 1932",42.2,34.3,50.1,7.94
"October, 1932",57,49.5,64.5,5.32
"September, 1932",68,58.3,77.6,1.45
"August, 1932",75.5,65.6,85.3,2.61
"July, 1932",74.9,64.9,84.9,1.45
"June, 1932",69.7,59.8,79.6,3.56
"May, 1932",60.8,51.4,70.3,2.37
"April, 1932",48.1,38.3,58,2.74
"March, 1932",36.1,28.5,43.7,5.33
"February, 1932",34.6,27.1,42.1,2.57
"January, 1932",42.2,35.8,48.6,4.3
"December, 1931",39.7,32.3,47.1,2.34
"November, 1931",50.5,43.6,57.5,0.66
"October, 1931",60,50.5,69.5,2.76
"September, 1931",71.3,62.1,80.6,1.64
"August, 1931",74.5,66.5,82.6,3.49
"July, 1931",76.9,68.6,85.3,3.66
"June, 1931",70.5,60.7,80.2,4.37
"May, 1931",60.4,51.2,69.7,4.4
"April, 1931",49.8,40.9,58.8,3.81
"March, 1931",39.3,33.4,45.2,4.44
"February, 1931",32.5,24.6,40.4,2.54
"January, 1931",31.8,24.4,39.1,2.27
"December, 1930",34.2,28.8,39.5,2.66
"November, 1930",44.3,37.5,51,5.38
"October, 1930",54,45.5,62.6,1.46
"September, 1930",70.3,62.1,78.4,2.06
"August, 1930",72.6,63.4,81.7,3.99
"July, 1930",75.2,65.5,84.9,4.62
"June, 1930",72.3,62.6,81.9,3.46
"May, 1930",62.7,52.4,73,3.15
"April, 1930",47.5,38.7,56.2,2.49
"March, 1930",39.2,30.8,47.7,2.45
"February, 1930",35.5,26.3,44.7,2.88
"January, 1930",32,24.5,39.6,2.45
"December, 1929",34.1,27.5,40.6,2.99
"November, 1929",44.5,38.4,50.6,2.33
"October, 1929",53.4,44.8,62,4.29
"September, 1929",68.3,59.2,77.4,3.64
"August, 1929",71.3,61.9,80.8,1.98
"July, 1929",74.7,64.4,84.9,1.11
"June, 1929",70.5,60.6,80.5,2.21
"May, 1929",60.4,50.2,70.6,4
"April, 1929",49.8,41.8,57.8,6.13
"March, 1929",44.2,35,53.5,3.89
"February, 1929",31.7,24.1,39.2,4.52
"January, 1929",30.9,23.6,38.3,3.32
"December, 1928",38,32,44,1.1
"November, 1928",45.5,39,52,2.08
"October, 1928",57.7,48.1,67.2,1.15
"September, 1928",63.5,56.3,70.6,3.56
"August, 1928",75,68.1,81.9,5.05
"July, 1928",75.2,66.6,83.8,8.51
"June, 1928",66.6,59,74.4,6.74
"May, 1928",58,49.6,66.4,1.96
"April, 1928",46.7,37.8,55.6,4.62
"March, 1928",37.7,30.5,44.9,2.91
"February, 1928",31.8,23.7,40,4.68
"January, 1928",32.8,25.4,40.3,2.07
"December, 1927",35.5,28.5,42.4,3.93
"November, 1927",47.6,40.2,55,4.06
"October, 1927",58.2,49.6,66.8,8.34
"September, 1927",66.9,57.5,76.2,3.95
"August, 1927",67.6,60.2,75.1,9.46
"July, 1927",73.2,65,81.5,6.68
"June, 1927",66.5,56.7,76.2,3.37
"May, 1927",57.9,49.2,66.6,4.62
"April, 1927",47.3,38,56.6,2.55
"March, 1927",41.7,33.3,50.1,1.39
"February, 1927",35.3,28.9,41.8,3.08
"January, 1927",29.3,22.6,36,2.08
"December, 1926",28.4,21.5,35.3,3.52
"November, 1926",43,35.6,50.4,4.12
"October, 1926",53.6,45.5,61.7,4.63
"September, 1926",64.8,57,72.7,4.88
"August, 1926",73.4,66,80.8,7.03
"July, 1926",74.1,64.4,83.8,5.77
"June, 1926",65.7,56,75.3,2
"May, 1926",58.9,48.3,69.5,2.3
"April, 1926",45.5,37.1,54,1.87
"March, 1926",34.4,26,42.7,2.62
"February, 1926",28,21,34.9,5.53
"January, 1926",30.8,24.1,37.5,2.59
"December, 1925",34,28.1,40,3.12
"November, 1925",42.1,34.2,50,3.17
"October, 1925",49.3,42.2,56.4,4.39
"September, 1925",67.9,59.5,76.2,2.56
"August, 1925",72.4,62.5,82.2,1.52
"July, 1925",72.8,63.8,81.8,6.62
"June, 1925",73.8,63.3,84.3,3.68
"May, 1925",58.1,47.7,68.5,3.26
"April, 1925",50.9,41,60.8,1.94
"March, 1925",42.9,34,51.8,4.47
"February, 1925",36.7,29,44.4,2.57
"January, 1925",27.1,19.9,34.4,5.08
"December, 1924",33,26,40,2.42
"November, 1924",43,35,51.1,1.98
"October, 1924",55.8,45.4,66.2,0.42
"September, 1924",62.8,54.2,71.4,4.2
"August, 1924",73.2,63.6,82.8,5.37
"July, 1924",73.3,63.3,83.2,2.19
"June, 1924",67.4,58,76.8,2.89
"May, 1924",56.4,48.4,64.3,6.05
"April, 1924",47.8,39.3,56.4,5.93
"March, 1924",38.1,31.2,45,1.99
"February, 1924",27.5,21.2,33.7,4.3
"January, 1924",32,23.6,40.2,4.63
"December, 1923",41.1,35.3,47,4.25
"November, 1923",43.4,36.3,50.4,2.8
"October, 1923",54.8,45.9,63.7,5.05
"September, 1923",67.5,59,76,2.74
"August, 1923",71.8,61.8,81.7,1.33
"July, 1923",73,63,82.8,3.08
"June, 1923",72.7,62.1,83.3,2.47
"May, 1923",59.2,48.3,70.1,1.74
"April, 1923",49.6,39.6,59.6,2.75
"March, 1923",36.2,27.8,44.6,3.91
"February, 1923",25.2,18.4,32.1,2.39
"January, 1923",28.9,22.4,35.4,6.3
"December, 1922",33,26.9,39,3.66
"November, 1922",44.5,37.8,51.2,1.19
"October, 1922",57.1,48,66.2,1.52
"September, 1922",67.4,58.4,76.4,3.2
"August, 1922",72,63.9,80,3.18
"July, 1922",73.4,64.8,82,7.35
"June, 1922",71.3,63.4,79.2,6.81
"May, 1922",63.2,52.9,73.6,4.16
"April, 1922",50.4,41.1,59.7,2.12
"March, 1922",40.8,33,48.5,4.76
"February, 1922",32.7,25.2,40.2,2.81
"January, 1922",27.2,20,34.4,2.51
"December, 1921",32.3,25.3,39.3,2.26
"November, 1921",43.8,37.8,49.7,4.13
"October, 1921",55.4,45.7,65.1,0.8
"September, 1921",70.9,62,79.8,2.22
"August, 1921",70.8,62,79.6,4.25
"July, 1921",77.2,68.7,85.7,2.6
"June, 1921",71.2,60.6,81.7,3.16
"May, 1921",60.8,50.6,70.9,4.29
"April, 1921",56,45.9,66.1,3.43
"March, 1921",47.9,37.9,57.8,2.84
"February, 1921",33,26.5,39.5,4.42
"January, 1921",32.8,24.8,41,2.83
"December, 1920",36.7,31.4,42,5.43
"November, 1920",43.1,37.7,48.5,3.85
"October, 1920",60.5,50.8,70.3,1.56
"September, 1920",67.5,58.8,76.1,4.63
"August, 1920",73.3,65.9,80.7,4.72
"July, 1920",72.8,63.4,82.2,6.95
"June, 1920",69,59.4,78.6,5.05
"May, 1920",58,48.3,67.6,3.34
"April, 1920",47.4,38.7,56,4.81
"March, 1920",39.4,30.2,48.5,4.25
"February, 1920",27.5,20.5,34.4,5.34
"January, 1920",23.1,15.8,30.4,2.49
"December, 1919",29.2,22.5,35.9,2.57
"November, 1919",43.8,36.9,50.6,3.59
"October, 1919",59.2,51.4,67,3.69
"September, 1919",66.2,57.5,74.9,4.8
"August, 1919",70.3,62.6,78.1,5.84
"July, 1919",74.4,66.5,82.4,7.75
"June, 1919",70.4,60.8,80.1,2.86
"May, 1919",61.2,51.8,70.6,4.74
"April, 1919",48.6,39.8,57.4,2.7
"March, 1919",42.5,34.3,50.8,6.16
"February, 1919",33.4,27.3,39.5,3.53
"January, 1919",34,27.5,40.6,3.33
"December, 1918",37.7,31.4,44,3.49
"November, 1918",44.4,38.1,50.6,2.24
"October, 1918",57.6,48.6,66.5,0.86
"September, 1918",62.8,54.3,71.2,3
"August, 1918",75.3,66.2,84.4,2.19
"July, 1918",73.5,64.1,82.9,4.25
"June, 1918",66.9,57.7,76.1,3.92
"May, 1918",64.3,54.4,74.2,4.32
"April, 1918",49.2,40.2,58.1,4.1
"March, 1918",41,31.2,50.9,1.69
"February, 1918",28.7,19.3,38.1,2.65
"January, 1918",20.1,13.5,26.6,3.59
"December, 1917",24.1,17.2,30.9,4
"November, 1917",40,32,47.9,0.81
"October, 1917",51.4,42.7,60,6.6
"September, 1917",62.4,53.5,71.3,2.31
"August, 1917",75.4,66.8,83.9,1.55
"July, 1917",75,67.1,82.8,4.5
"June, 1917",69.2,60.6,77.9,3.89
"May, 1917",53.3,45.4,61.2,3.95
"April, 1917",47.4,38.7,56.1,2.57
"March, 1917",37.5,30.9,44,4.51
"February, 1917",27.1,18.8,35.5,2.05
"January, 1917",31.1,24.1,38.2,2.99
"December, 1916",32.4,27.1,37.8,4.21
"November, 1916",43.6,35.8,51.3,2.05
"October, 1916",56,46.2,65.9,1.28
"September, 1916",66.2,56.5,76,3.13
"August, 1916",74.5,65.2,83.9,0.77
"July, 1916",74.9,67.1,82.6,4.95
"June, 1916",65,57,73,4.92
"May, 1916",60.2,51.7,68.8,4.26
"April, 1916",47.5,40,55.1,3.68
"March, 1916",30.8,23.9,37.7,3.75
"February, 1916",26.6,19.3,34.1,4.85
"January, 1916",34.4,26.3,42.5,1.21
"December, 1915",32.1,26.8,37.4,4.84
"November, 1915",44.3,36.7,51.8,1.65
"October, 1915",56.3,48.4,64.3,2.6
"September, 1915",69,60.2,77.7,2.51
"August, 1915",71.1,63.2,78.9,7.84
"July, 1915",73.2,64.4,81.9,4.12
"June, 1915",67.4,58.3,76.4,3.38
"May, 1915",57.9,49.1,66.8,3.48
"April, 1915",53.8,43.4,64.1,2.8
"March, 1915",35.8,27.7,43.9,1.17
"February, 1915",35,27.9,42.2,5.79
"January, 1915",33,26.6,39.3,6.93
"December, 1914",31,25.5,36.5,4.87
"November, 1914",43,34.8,51.2,3.21
"October, 1914",58.8,50.4,67.1,2.25
"September, 1914",65.8,54.9,76.6,0.27
"August, 1914",73.9,65.5,82.4,2.4
"July, 1914",71.6,63.7,79.5,6.1
"June, 1914",68.5,59.2,77.8,2.4
"May, 1914",63.7,52.7,74.6,2.75
"April, 1914",47,38.9,55.1,3.61
"March, 1914",35.2,28,42.3,4.11
"February, 1914",24.5,16.6,32.5,2.99
"January, 1914",30.3,23.2,37.4,4.71
"December, 1913",37.9,31.2,44.6,3.33
"November, 1913",45.9,38.9,53,2.41
"October, 1913",58.3,52.3,64.4,10.94
"September, 1913",63.8,56.1,71.6,4.68
"August, 1913",72.6,64,81.2,3.12
"July, 1913",74.9,65,84.7,2.58
"June, 1913",69.5,59.3,79.7,1.67
"May, 1913",60,50.4,69.5,2.95
"April, 1913",51.4,43.4,59.3,5.98
"March, 1913",44.1,35,53.2,6.02
"February, 1913",29.5,21.3,37.7,2.7
"January, 1913",39.6,31.7,47.5,3.46
"December, 1912",37.5,30.8,44.1,4.79
"November, 1912",45.8,38.7,52.9,3.65
"October, 1912",57.9,48.8,67,3.92
"September, 1912",65.6,58.3,72.8,4.16
"August, 1912",70.6,62,79.3,3.19
"July, 1912",74.5,65.4,83.6,3.38
"June, 1912",68.8,59.1,78.4,1.65
"May, 1912",61.6,52.2,71.1,4.9
"April, 1912",49.7,40.7,58.6,3.24
"March, 1912",36,28.3,43.8,7.88
"February, 1912",27.4,19.7,35.1,2.7
"January, 1912",22.1,14.5,29.7,2.31
"December, 1911",38,31.5,44.5,3.43
"November, 1911",40.8,33.5,48,5.08
"October, 1911",54.2,47.4,60.9,6.23
"September, 1911",66.8,59,74.6,1.98
"August, 1911",72.4,63.9,80.9,7.56
"July, 1911",76.7,67.3,86.1,2.57
"June, 1911",69.3,60.3,78.3,5.6
"May, 1911",64.3,54,74.5,1.28
"April, 1911",47,38.1,55.8,3.53
"March, 1911",37.1,28.8,45.3,3.5
"February, 1911",30.4,23.7,37,3.16
"January, 1911",32.8,26.1,39.6,2.87
"December, 1910",27,20.3,33.7,2.08
"November, 1910",40.2,34.2,46.2,4.33
"October, 1910",57.4,48.5,66.2,2.74
"September, 1910",67.7,59.6,75.7,1.68
"August, 1910",71.3,63.1,79.5,1.77
"July, 1910",76.7,66.8,86.6,0.88
"June, 1910",67.6,59.1,76.1,4.94
"May, 1910",60.4,51.2,69.6,2.21
"April, 1910",53,43.7,62.3,5.48
"March, 1910",43.6,33.7,53.5,1.18
"February, 1910",30,22.2,37.7,3.43
"January, 1910",29.7,22.2,37.2,5.3
"December, 1909",30.4,24.5,36.3,4.48
"November, 1909",46.4,39.3,53.5,1.57
"October, 1909",52.3,43.9,60.8,0.8
"September, 1909",65.1,56.9,73.3,2.97
"August, 1909",71.4,62.2,80.5,6.58
"July, 1909",73,62.8,83.1,2.2
"June, 1909",70.8,61.9,79.8,3.1
"May, 1909",60,50.9,69.1,1.6
"April, 1909",49,39.6,58.4,6.33
"March, 1909",37.5,29.6,45.4,3.39
"February, 1909",35.9,28.4,43.5,4.72
"January, 1909",31.8,24.5,39,3.09
"December, 1908",34.1,27.8,40.4,3.08
"November, 1908",42.8,35.9,49.6,0.77
"October, 1908",57.9,49.5,66.3,1.62
"September, 1908",67,58.7,75.4,1.57
"August, 1908",72.5,64.3,80.6,5.46
"July, 1908",77.1,68.2,86,3.89
"June, 1908",71.5,60.8,82.1,1.7
"May, 1908",61.7,53,70.4,8.42
"April, 1908",50.5,40.4,60.6,2.25
"March, 1908",39.8,31.4,48.2,2.41
"February, 1908",26.5,17.8,35.2,5.36
"January, 1908",30.8,23.1,38.5,3.63
"December, 1907",36.1,30.2,42.1,4.31
"November, 1907",43,36.9,49,4.78
"October, 1907",50.6,41.5,59.6,4.44
"September, 1907",67.1,60,74.3,7.7
"August, 1907",71.5,62.7,80.3,2.68
"July, 1907",74.8,65.9,83.7,1.25
"June, 1907",66,57.2,74.8,3.12
"May, 1907",55.2,46.1,64.3,4.53
"April, 1907",45.1,36.4,53.7,3.78
"March, 1907",39.8,31.4,48.2,3.18
"February, 1907",22.8,14.3,31.4,2.53
"January, 1907",31.6,24.1,39.1,3.56
"December, 1906",32.7,26,39.3,3.73
"November, 1906",43.1,36.5,49.6,1.2
"October, 1906",55.2,48.1,62.4,3.8
"September, 1906",68.6,60.2,77,2.26
"August, 1906",75.2,68.4,81.9,2.4
"July, 1906",74.7,66.9,82.6,4.54
"June, 1906",71.6,62.5,80.6,2.23
"May, 1906",61.1,51.3,71,4.77
"April, 1906",51.1,40.7,61.4,4.98
"March, 1906",33,26.6,39.2,5.16
"February, 1906",30.4,21.4,39.3,2.5
"January, 1906",36.1,29.3,42.8,2.71
"December, 1905",36.6,29.9,43.4,3.35
"November, 1905",41.1,32.5,49.8,1.8
"October, 1905",55.8,46.9,64.7,3.01
"September, 1905",66.2,58.5,73.8,5.15
"August, 1905",71.9,64.5,79.3,4.77
"July, 1905",75.5,67.6,83.4,3.84
"June, 1905",68.5,58.9,78.2,3.3
"May, 1905",60,50.7,69.3,1.09
"April, 1905",48.8,39.8,57.9,2.47
"March, 1905",38.2,29.9,46.5,3.55
"February, 1905",22.4,14.2,30.6,2.08
"January, 1905",26.8,19.9,33.7,4
"December, 1904",27.2,20.4,34,2.44
"November, 1904",39.1,32,46.2,2.03
"October, 1904",51.3,42.1,60.4,3.45
"September, 1904",64.5,56.3,72.6,4.47
"August, 1904",70.6,62.7,78.6,6.78
"July, 1904",73,64.7,81.2,4.53
"June, 1904",68.8,59.4,78.1,2.59
"May, 1904",62.5,52.4,72.6,2.33
"April, 1904",45.8,37.2,54.4,3.66
"March, 1904",34.8,27.8,41.8,3.46
"February, 1904",23,14,32,2.32
"January, 1904",22.7,15.8,29.7,3.03
"December, 1903",28.7,21.8,35.6,3.4
"November, 1903",39.9,32,47.8,1.1
"October, 1903",55.9,48.8,63,11.35
"September, 1903",65.4,57.2,73.6,3.31
"August, 1903",67.8,61.3,74.3,6.85
"July, 1903",74.2,65.2,83.2,4.01
"June, 1903",63.4,56.7,70,9.22
"May, 1903",62.6,52,73.1,0.42
"April, 1903",50.4,41.6,59,3.5
"March, 1903",46.4,38.2,54.7,4.52
"February, 1903",31.7,24.3,39.1,4.35
"January, 1903",28.8,21.6,36.1,4
"December, 1902",30.7,23.9,37.5,6.74
"November, 1902",48.6,40.7,56.5,1.29
"October, 1902",56.1,48.5,63.7,6.24
"September, 1902",64.5,57.5,71.5,4.92
"August, 1902",70.6,62.6,78.7,3.91
"July, 1902",72.6,64.6,80.6,4.63
"June, 1902",67.5,57,77.9,6
"May, 1902",59.7,49.5,69.9,1.96
"April, 1902",49.3,41.1,57.4,3.36
"March, 1902",42.6,35,50.2,4.75
"February, 1902",27.1,21,33.2,6.13
"January, 1902",28.4,21.3,35.5,2.88
"December, 1901",32.6,25.5,39.7,7.22
"November, 1901",37.6,31.8,43.5,1.89
"October, 1901",54.4,45.4,63.2,2.3
"September, 1901",66.5,58.3,74.7,2.68
"August, 1901",73.7,67,80.5,8.05
"July, 1901",77.6,69.9,85.3,7.12
"June, 1901",70.3,60,80.7,1.15
"May, 1901",57.2,49.3,65,6.35
"April, 1901",47.1,40.6,53.5,6.91
"March, 1901",37.3,30,44.5,5.52
"February, 1901",24.5,18.2,30.7,0.71
"January, 1901",30.2,23.6,36.8,1.84
"December, 1900",33.4,26.4,40.5,2.17
"November, 1900",46.3,39,53.5,4.39
"October, 1900",59.5,52.3,66.7,3.59
"September, 1900",69.2,61.4,77.1,2.53
"August, 1900",75.9,67.5,84.4,3.46
"July, 1900",76.3,67,85.6,4.29
"June, 1900",70.4,61.3,79.5,2.25
"May, 1900",59.4,48.8,70,4.41
"April, 1900",49.3,39.9,58.6,2.1
"March, 1900",33,24.6,41.4,3.7
"February, 1900",29.8,21.3,38.2,5.88
"January, 1900",30.3,22.5,38.3,4.08
"December, 1899",36,28.5,43.5,2.18
"November, 1899",43.3,36.3,50.4,2.19
"October, 1899",57,49.7,64.3,1.93
"September, 1899",64.4,55.7,72.9,5.67
"August, 1899",73.1,65.5,80.7,3.03
"July, 1899",74.8,66,83.7,5.2
"June, 1899",72.9,62.4,83.5,2.17
"May, 1899",61.1,51.2,71,1.39
"April, 1899",48.6,38.8,58.3,1.83
"March, 1899",36.2,30,42.4,6.56
"February, 1899",25.8,19.1,32.6,4.77
"January, 1899",29.2,21.4,37,3.9
"December, 1898",32.6,26.6,38.7,3.24
"November, 1898",42.8,35.8,49.8,6.68
"October, 1898",56.9,49.6,64.2,5.77
"September, 1898",69.1,60.1,78.1,1.67
"August, 1898",74.7,67.3,82,4.24
"July, 1898",75.5,67.2,83.8,4.29
"June, 1898",70.4,61,79.7,1.58
"May, 1898",57.7,50.8,64.5,7.1
"April, 1898",46.6,38.7,54.5,3.45
"March, 1898",44.2,36.7,51.8,3.13
"February, 1898",32.8,25.8,39.8,4.07
"January, 1898",32.4,26.2,38.6,4.36
"December, 1897",35.5,28.8,42.1,4.91
"November, 1897",43.2,36,50.5,4.58
"October, 1897",55.2,46.9,63.5,1.14
"September, 1897",65,56.3,73.7,2.01
"August, 1897",71.3,63.8,78.8,6.56
"July, 1897",75.5,68,83,13.02
"June, 1897",66.3,57,75.6,2.96
"May, 1897",60.2,51.4,68.9,6.43
"April, 1897",49.4,39.5,59.4,3.08
"March, 1897",39.3,31.8,46.8,2.8
"February, 1897",31.3,24.9,37.7,2.94
"January, 1897",28.9,21.7,36,2.91
"December, 1896",31.6,24.4,38.8,1.21
"November, 1896",47.6,39.2,56,3.15
"October, 1896",51.5,45.1,57.9,1.83
"September, 1896",65.1,57,73.2,4.64
"August, 1896",74,66,81.9,1.68
"July, 1896",75.4,67.3,83.4,5.99
"June, 1896",68.2,59.4,76.9,5.3
"May, 1896",65.1,55.2,75,3.07
"April, 1896",51.7,42.4,61,1.37
"March, 1896",31.5,23.5,39.5,5.71
"February, 1896",30.3,21.8,38.8,6.93
"January, 1896",27.4,21,33.9,1.16
"December, 1895",36.2,28.6,43.7,2.84
"November, 1895",45.2,37.1,53.4,3.58
"October, 1895",49.8,40.3,59.4,4.02
"September, 1895",69.6,59.6,79.6,0.81
"August, 1895",74,65.3,82.7,3.41
"July, 1895",71,62.6,79.4,4.49
"June, 1895",72.1,63,81.2,2.65
"May, 1895",61.3,51.2,71.3,2.36
"April, 1895",47.7,39.2,56.1,3.96
"March, 1895",34.9,27.1,42.7,2.43
"February, 1895",23.4,14.8,32,1.06
"January, 1895",27.6,20.3,34.8,4.76
